retention_score,retention_decline_rate,review_lapse_rate,session_performance_score,validation_score,prerequisite_gap_count,prerequisite_mastery_gap,content_complexity,complexity_mismatch,historical_struggle_score,content_type_mismatch,cognitive_load_indicator,days_until_exam,days_since_last_study,workload_level,actualOutcome
0.9412796741090114,0.1014819942803229,0.1903623570846478,0.8236919782354251,0.9103754883560066,0.09094797112677183,0.15467880857377506,0.49553863210276805,0.13337285150922087,0.04189537642689387,0.008992076961803385,0.2923789824773573,0.8523403813683234,0.060556035636884505,0.4693729733299669,0
0.1731968930137251,0.8919031664257336,0.6572390898667042,0.36761396655313405,0.35778465649931573,0.9179245214166594,0.7010548372420768,0.8442259711565897,0.5477553081456592,0.6683350457293156,0.6889808461046022,0.6982703268542995,0.007294789929436152,0.8581889183628671,0.6708442717628196,1
0.3331440747782311,0.7675212749207415,0.6696888036987905,0.37190631552842085,0.22779937057653785,0.7970500417163436,0.5045414579069676,0.8171651604985315,0.4168909827045512,0.6415862706938251,0.447010498710842,0.8272236057406223,0.223813463779627,0.8333475060388639,0.9848690193898167,1
0.6304583297183879,0.5114010907474767,0.3384985653338451,0.5859862154780296,0.6345933244788865,0.28261435227662557,0.2918940496334638,0.636695547976238,0.18928390328031644,0.43951410215550574,0.34672671210048356,0.5572687012983851,0.8583176179206037,0.2723940882053185,0.4275467273284555,0
0.8739045366242016,0.10096547908128362,0.12391786749196815,0.724422553654475,0.8882591993831253,0.018598127964626433,0.17646068008451715,0.4923891559544495,0.12846510518104548,0.019456078344890503,0.17399513622843937,0.3684453763878571,0.7803300472080854,0.18104629997893643,0.47058717489054486,0
0.7155729495325156,0.25282663844493697,0.19933937077059538,0.8848895943271066,0.8345658314693033,0.061250724157322335,0.18716875088749155,0.5108165855646606,0.0852166767780743,0.03921311302205984,0.26598126457214,0.33493539464639677,0.5973112559103826,0.11032780526318688,0.3656519010115708,0
0.8740721939695348,0.20196248913041986,0.1449533543057523,0.6228747192796298,0.7445871013491832,0.10789825847506745,0.23721694945168906,0.42750100117282797,0.12517827528740183,0.26579332447085613,0.18475895645469137,0.26988784242609015,0.5122003907782691,0.26102966217027895,0.20850776434015486,0
0.5697641067938959,0.3277495246978287,0.36164704200184444,0.6895376051928941,0.5144632950515877,0.4865345621875104,0.35677297980102357,0.48986970338616215,0.11537241505523271,0.35018728042112535,0.33835466334722464,0.5121259431800095,0.4251130057319869,0.12916073414716142,0.46114931305305484,0
0.6678676984712004,0.30095498066464577,0.24936477384038047,0.6481808112304143,0.5632540299458614,0.23056771641980406,0.3080701756401284,0.48111798591535765,0.268542380432111,0.29400437527554296,0.3366797415328022,0.5675616434432204,0.6169087097882648,0.46397725754175684,0.4509272215852771,0
0.5464757233817213,0.4724077804336105,0.4295711198091483,0.5438940866550738,0.573101425178796,0.6451216212847839,0.3773708481134819,0.5512662762170197,0.4005929659773293,0.6788127967382757,0.36702886790417893,0.5929031723674749,0.3119916374641137,0.6077971732767747,0.4748174994230094,1
0.8998539697422447,0.30840894125632806,0.05442902744599254,0.8065807334041805,0.758292169082008,0.01831641466532683,0.27519407263867285,0.3547274523675846,0.1900474707641605,0.13380173188738673,0.05553987865158589,0.36257028421350745,0.9364729179382041,0.21966746592286834,0.5226244591445799,0
0.6494888813193388,0.41845245709948664,0.21156888988943212,0.6915579601976407,0.6885448638188224,0.4355568629445225,0.49739837046926616,0.5633446998400788,0.2925536700506412,0.22268151218502524,0.20970422447841142,0.36761438040202976,0.49791654206713504,0.15632117955707045,0.5489654566263986,0
0.673993831929537,0.33266308595586574,0.35810195885497703,0.5249641627933697,0.658842132509881,0.2827302704754071,0.4631271743054567,0.6832126281476193,0.12975919388102314,0.33880268151961807,0.39429621344880555,0.445022230791944,0.8317737612572726,0.33549260885252796,0.4501319631678407,0
0.8542317295939355,0.3943558534082271,0.1263627054033337,0.6909312533724559,0.8402017109298834,0.1079970759431711,0.23395361854534308,0.34279225553078335,0.1522055805004056,0.16237997360283307,0.28889760115769836,0.3025616498116058,0.816310946566974,0.27960843165300525,0.24100389119627172,0
0.6423445611492097,0.5452859329479555,0.31390795591342074,0.5519083566352181,0.5873991771331242,0.3780682806136358,0.2219244686081045,0.5867029793851738,0.2962355673524589,0.2570322949351183,0.33777853488651505,0.5723696381338857,0.8718507964101104,0.4840542417621789,0.5085838554885888,0
0.5833008863807758,0.5055449717041058,0.3700696002239791,0.5423988109397316,0.6314706964340256,0.3416845412488945,0.46404702137644555,0.46472220375293627,0.23556264006200883,0.38232563667581676,0.18859044327154986,0.3409802710953518,0.7258198802386383,0.3954389832529323,0.42625093750534,0
0.3526188913176667,0.5827074744033421,0.3856071933739503,0.5422140634938911,0.4297325455506226,0.5243872371181071,0.32560490042359314,0.7990622755537843,0.3506585030993728,0.5786155051960131,0.22012294321652826,0.6374901175997945,0.2839622372382343,0.6592217157762854,0.4820558561928029,1
0.7635978952104617,0.20855592796154163,0.09449867100130271,0.6159770609258343,0.6920072292659953,0.05536286155826116,0.2914598072703152,0.43253880284122026,0.09640821162241651,0.058829313821517876,0.18323402132273048,0.2842049646547923,0.6034962892192134,0.1549717885337937,0.20220231966416835,0
0.9235248009197836,0.16898638176732586,0.04262094080501666,0.6108969290095789,0.8455000476127655,0.07370526874475224,0.2593074749518911,0.48928396267662283,0.19363868558294436,0.055657654710936345,0.2605869503866832,0.4329790558375225,0.885460922322026,0.2534349684350663,0.5044095963771995,0
0.8743550668117099,0.18920470221176525,0.1848792390753061,0.9398703858078786,0.9332799467340301,0.09484284333149276,0.25861279529679404,0.6378197594140281,0.06382009464865113,0.2486746422452032,0.011102290414647786,0.3788809635446159,0.6150044186438515,0.03617006573318364,0.23078128065168368,0
0.8941118616249311,0.2968485513043215,0.035485753893941374,0.7907594216139284,0.9454009218573525,0.1874776132994238,0.0129521207391035,0.36592592629177484,0.026345754690912382,0.21779397299558864,0.2453355989570835,0.2640534098932016,0.7529263464759145,0.25221090840335997,0.49312061790650025,0
0.38213757530587433,0.8861785731007762,0.8659457560881795,0.21104761007663334,0.20386415413221687,0.9713274250350902,0.6712736593269257,0.9416637047609173,0.6890859931267758,0.898553309413576,0.5177795568278343,0.7347842050106738,0.25534100145505706,0.726768802062511,0.6677970986744369,1
0.875921494365199,0.26220954299347315,0.019306894039088165,0.6846628398905936,0.6537212108831945,0.09375359309290117,0.09037957822800011,0.5393429937191035,0.05944756154172344,0.0899757334520954,0.222957959619481,0.21444285079350606,0.9514474975959937,0.25567916231735444,0.4671218732905626,0
0.9072208414706523,0.22926625709854181,0.04974285451752598,0.8160007453114105,0.8620331650656338,0.03340838158018997,0.0502857648864953,0.3146685707734172,0.14728040301312811,0.19914135828654153,0.14238926272494415,0.4532511346907591,0.9028350764750266,0.17560630931902563,0.5473085122053034,0
0.7655660110749563,0.27852337921007647,0.010285162696850071,0.7737281865204327,0.8290528546750667,0.06684877816339217,0.23127366112374656,0.3426393012535087,0.015027556347161753,0.218456626861081,0.14864739486185954,0.4065207189283208,0.7174136693018731,0.07392060997173204,0.5276409270696799,0
0.7519715637865068,0.10795966116214592,0.03628708701795946,0.8040645463393922,0.7764273651777494,0.178534342215395,0.24523306852153226,0.43672694067915035,0.0518846866862585,0.11390772245018006,0.1770884827544423,0.2804190922468629,0.812074453924567,0.12282349565737212,0.42081887234079207,0
0.7672483511087744,0.33926773019115647,0.062072391784714756,0.7593270521786304,0.6534861619724303,0.014489377558911776,0.11774806692200544,0.4919755338868494,0.12000410962386075,0.08749877361279097,0.20849456583796275,0.45803671915676136,0.8899254944466749,0.011885647604507143,0.3922027789031316,0
0.8646958416776793,0.3076829693553558,0.16983913031306386,0.687383803100715,0.7968274890929421,0.04424188836392045,0.2963004023989941,0.6776237358746453,0.00788536227370118,0.21167255175470653,0.27757449522469974,0.2541726035382001,0.7839726152763147,0.27464648927641255,0.21357839143431956,0
0.8355593013729621,0.2771043071376319,0.10167210938325599,0.7041419579615872,0.8195065978577049,0.13777706041001814,0.2619968747582423,0.5545165415916992,0.1522243074086316,0.048021490486371894,0.13846724232593696,0.202799485948128,0.6233394322608115,0.21793851453390145,0.5967239805397454,0
0.7465253544615693,0.3407929929387132,0.09163737734757854,0.7690391052298743,0.6900439917247831,0.016120302751424932,0.21838179209212955,0.4985844609421199,0.08737014052303592,0.21885246859571902,0.22965386969733292,0.2476724503008061,0.8051125747388206,0.04060622468330566,0.5005500344116183,0
0.1969608796062266,0.7556371865230098,0.7812075835580712,0.20908888071378823,0.4429455206802402,0.9849789179768444,0.6007129183301456,0.8243121264730964,0.4902634929450309,0.6996941730321137,0.4147547789418131,0.8133475168929638,0.15080370696865844,0.6205915004999957,0.7114585856946446,1
0.34280834664355414,0.8430340184037542,0.8468289274320415,0.3739721657669414,0.32783559971523446,0.8006065178748798,0.8193180715867101,0.8624909826944412,0.610590063177311,0.8785274343026354,0.7560021367270265,0.7182983048980375,0.1126748857919832,0.6375927759363476,0.8313120563984696,1
0.5339711232825521,0.5192691988731922,0.41939064037924556,0.4975002496219497,0.4904435881779614,0.4673814468819946,0.43573185483980803,0.54225710611394,0.252916095951867,0.549510331821844,0.32567763485136436,0.678711475267025,0.34495755964665326,0.5322353401112173,0.6529057151678122,1
0.8377143426522848,0.12609602797342306,0.08169064261413975,0.7304409809543099,0.7279261351280979,0.144684022737717,0.14876272052363124,0.33241848636305915,0.04403664038996227,0.20497762909787878,0.022839257847090056,0.4553620742146306,0.7475732635069872,0.14417597319799438,0.43696311386380704,0
0.723464321205839,0.3728880458309778,0.1338400525876157,0.8902503797608644,0.9136936700846802,0.11435447040966445,0.15523390552651237,0.47217096412839604,0.06338931755822386,0.13037878825761354,0.2321638967190469,0.38057702930453946,0.946261644977423,0.13301400431375632,0.4428358314875016,0
0.7883553448256795,0.17106116769234464,0.15610510304877237,0.6961821124418476,0.8967842955541034,0.08474765072975257,0.20026496978744113,0.33821412553386726,0.12477186493531461,0.13553030362116872,0.17598253895264224,0.250404262323459,0.868436872472091,0.25883912326296854,0.2866959200363103,0
0.7650394477405127,0.31924628949421896,0.19625941809944936,0.6897855218554867,0.8462523804422223,0.03961952655194803,0.16959907637148297,0.48557299467533444,0.19440106592630743,0.18255818180893996,0.10485191162604564,0.23422873546638,0.5756234143674672,0.06759507898537052,0.3003866645361192,0
0.867255584332277,0.23868866830018218,0.08235310831690171,0.827840713502834,0.8136295608220716,0.012454621176377124,0.1537507946310995,0.6225614468931358,0.09184797551939161,0.015586973266280522,0.23588345981520992,0.26040913464079235,0.6293104174440194,0.049411906029688764,0.33208602594859904,0
0.6987696777799396,0.5200786905372318,0.324681191631888,0.6138754722364566,0.6241320959649168,0.26039363234672996,0.3185413229792956,0.41183785986726984,0.19510920749736532,0.36290737518729893,0.1683249208309629,0.5892086541496541,0.8547273054686211,0.38885729418236237,0.513354651506145,0
0.9061702414812872,0.20434276237065793,0.13560323051181272,0.7980061873985268,0.7301084810508264,0.1757259972710316,0.23922780648207842,0.5633807338633702,0.17011634581884838,0.2601882602879407,0.21250889301451042,0.4511039985091016,0.8487357308346418,0.20404223152809012,0.4474445512860737,0
0.9343071218091128,0.30636571669024404,0.01356741182103438,0.7053372484313857,0.8624516265935844,0.01347012029375434,0.174651138052882,0.43835322278118266,0.12418310355349543,0.013722610143753854,0.2614610418457129,0.49204669075321905,0.9844389276428458,0.2248955495228774,0.2520344960522528,0
0.638919085450657,0.4822452654139541,0.37233818075746905,0.5548143178684382,0.6614141807733406,0.2585721808869476,0.3036025856734664,0.5006831362809528,0.2957050936778281,0.45696116712437806,0.31035095847707794,0.518117028484617,0.6810363972012856,0.47883626684340763,0.4985035011529446,0
0.2541968467479433,0.8350959038223429,0.6586171129285081,0.2866260100683621,0.41559092718668633,0.9798082494630569,0.5588293923716152,0.9316469062903736,0.5476348879238615,0.6903855359046354,0.5836543024953046,0.9430114013499169,0.14778542819786086,0.7315006441150033,0.8533603417266903,1
0.2164509778619566,0.7929864655327059,0.6833011561966067,0.2636850367947805,0.4353662021941313,0.7544410551203097,0.8844762255295657,0.9263376604890159,0.45873734043678893,0.6242764553063079,0.44031120055097067,0.6063776389780424,0.028332888226778517,0.8732027093665428,0.6284754593840916,1
0.9449925823397126,0.28056447689089664,0.1164845316414493,0.8618256128003362,0.8935309364270413,0.13129572146630053,0.038428723909860005,0.43530700239779935,0.18561672806520996,0.06738468355315558,0.111650107151254,0.3296230648832588,0.7197024948472261,0.18388187474835765,0.577230335097883,0
0.6803880393498299,0.5016733799236849,0.3969716805524952,0.6508496519364161,0.5786390402055844,0.37719135019839134,0.39830427627419607,0.4235367448951372,0.20889939182077302,0.4127962485417829,0.15019639120031814,0.5341895152276671,0.6918863902570558,0.4808887142790379,0.31696891928275667,0
0.31029073943773605,0.621828901909258,0.8287440237161425,0.3118726681469489,0.22033719516047495,0.6339350856340767,0.8946558314004702,0.79356769893903,0.5111926441200673,0.8844798485401258,0.7788994309535435,0.9451003723380048,0.2260134555776825,0.7505038342123663,0.6334002866794675,1
0.11078268213902263,0.7396794054397381,0.7170578538830307,0.18596237563848533,0.3477083151422527,0.6122000999756197,0.5149392754996858,0.9056501401649145,0.5080571924233789,0.6444711794281597,0.6088973040219218,0.8694977435845137,0.06474630824905295,0.8491561903276001,0.6341389859975072,1
0.9054092244276178,0.2377795591519642,0.07155965306508837,0.7729743565376049,0.8984747757311655,0.06704160947417455,0.05212847794072314,0.5848056081323123,0.16519564254161637,0.03019124355706,0.07196223382678342,0.24259159692829818,0.6739707057910833,0.1351052936716238,0.49953053478532256,0
0.7992308190503989,0.13981472621291813,0.11350816965231164,0.841312739198043,0.8901760097327248,0.040030048848962024,0.05024477467772093,0.3418271361337601,0.12728604990872736,0.21194271794607034,0.009475843447692612,0.48086367387310697,0.5259856418257363,0.16238890059032113,0.4836242077803666,0
0.738006213282162,0.11840488813320045,0.15615231721368797,0.760930148319262,0.6674491386516428,0.19897326343395344,0.01733416829890999,0.5780140915434212,0.19673578505268274,0.07175403126477768,0.04267481060615885,0.23641548182672867,0.6516375737837978,0.030313743303194005,0.4768645366776528,0
0.6550692300806271,0.3678523451116786,0.2993390845635893,0.5568548185855033,0.5267656725999387,0.388867309067521,0.21629961044687115,0.62459357023786,0.16351735905222334,0.2000404079013456,0.253338741771169,0.3140555725582809,0.5380847789104497,0.3827905949822865,0.32507584864874634,0
0.3187021504122962,0.8313811040057837,0.5296178606936361,0.2075397185632818,0.22896726488128244,0.9452413703502374,0.7493192507310232,0.7827245062131623,0.4190675050858071,0.7088438126004818,0.5300733288106988,0.8553621624183224,0.19126724140656393,0.9548850970305306,0.7888859700647797,1
0.724794524896804,0.2204482947583865,0.16001419373983192,0.6714124721201146,0.8165254847906859,0.14661425920593496,0.18479563507805372,0.37520989384616643,0.07107691373714789,0.23513753534561915,0.16626795423960497,0.20156888406287382,0.8804953800140469,0.01059340648207172,0.49829351309249287,0
0.9003842779707474,0.3878729932963101,0.0975708087852725,0.6384076695371262,0.8143878466921078,0.09087546691199218,0.2533071248218848,0.33923303231369784,0.09764822740435564,0.04501459940819528,0.09740277806701798,0.4212071232163399,0.7380090646843833,0.1127664855437308,0.3577905114280141,0
0.744132008001377,0.1661458627210526,0.037287652428850904,0.8728545657483636,0.755037577750019,0.011568535312679274,0.29073078904224336,0.6535143539853703,0.1855504566390426,0.2984723467939306,0.05216857476584619,0.3188726056707976,0.8791192378520456,0.20880618541613766,0.26155836253594206,0
0.9287725171017608,0.259908660173842,0.031590964567069606,0.8435646913590809,0.8879784051314763,0.06335233541350534,0.2571537770996259,0.6624573019063065,0.05538089747556179,0.2950564418145666,0.04221345841462752,0.260604700520747,0.5921124196190131,0.2681969130023611,0.46171702092998473,0
0.8417540652466668,0.321534762775398,0.17570311226026958,0.7414491125778615,0.7481099484689716,0.13351867711271695,0.24235378258237755,0.6049140539106462,0.15956272977172692,0.1306749944438799,0.24535026485250647,0.23606271661118255,0.7722445489804248,0.0017275981494364711,0.32983433196010814,0
0.5245841356930775,0.5221647700663496,0.3006167901559673,0.5898699484079284,0.6171729576907038,0.3874351588368207,0.2215327418679539,0.6047851663670207,0.14838633606310592,0.41418578975197695,0.34676043831525905,0.5411875522657561,0.6762504837039446,0.3080679569243005,0.3571503845357647,0
0.9424780115268175,0.12817021473682552,0.13452042364502526,0.7553125767565999,0.9104426763132516,0.035429957889477184,0.20778778566784936,0.6352461158592441,0.18892284389480465,0.20497440848689374,0.1491524292025282,0.38535417206036415,0.9344524922393591,0.1711829239916489,0.21215482387873474,0
0.6668289194001351,0.48511903298837983,0.22857005746016773,0.6506855844513938,0.6537845564215281,0.39756215470101647,0.42983477983867585,0.6537764319033196,0.22272082284749167,0.22658141419090372,0.2462883429001633,0.3232948004014815,0.6037715155162154,0.2628425956502511,0.3264039376560966,0
0.9327371738767444,0.3068580253094684,0.1353026771554493,0.675486303339201,0.8476656410697971,0.0787728811308317,0.19536989311244762,0.34263721212319626,0.13156906092060722,0.29982411773119994,0.014463611658166807,0.49315225526639517,0.7034539803614352,0.26122603510117776,0.5129541936233094,0
0.21246117385711125,0.6857136258845582,0.8474396512757841,0.16707875155583582,0.44080563486015284,0.6048617898759265,0.8879515306830557,0.710789977987644,0.6673429341094212,0.7846953881802049,0.7971859184477201,0.6258287976573895,0.16615628532039622,0.9877210142476396,0.8092391376680595,1
0.20231990531507757,0.6340420563721767,0.8698774473114251,0.36320180601429436,0.2644854069287889,0.8639936184136716,0.8268888800804863,0.8388002028998656,0.558895173506802,0.684648301815158,0.4372411071223597,0.9140255152836643,0.2701254171489991,0.8532405829093072,0.7356119164194802,1
0.2406079479384911,0.7244458507012995,0.6093628287722825,0.11691264899527815,0.4161805940637633,0.925160403652031,0.8998870693144523,0.9491592092684763,0.5666295116807882,0.8691455953131786,0.7779062919529712,0.897376586737094,0.07420443052295929,0.7802176541240374,0.651663766060598,1
0.9237794351766341,0.2910009046501622,0.12278671695201236,0.6233282141962415,0.8055224065835612,0.03003380016340833,0.22123013061644567,0.5048887683250698,0.13604555584167066,0.01250187018071528,0.025437604813740966,0.41489701641880466,0.5360421679993367,0.021377018329577578,0.204843390093955,0
0.4926699171769105,0.6290413675374399,0.45233548842313326,0.45642269705306315,0.42143440226795525,0.5342237100470364,0.4597851799365069,0.5727411510904189,0.2807729692848143,0.5131852489313868,0.20602135933331792,0.5305197913957945,0.28457920279861787,0.43099894087116586,0.44790485272770053,1
0.6839062049312099,0.548313753855741,0.2089822597991232,0.6522015846990784,0.5743448132804686,0.317737455868844,0.4262794920041068,0.6755279296436225,0.29018571890050965,0.37313677581149624,0.20713634779015086,0.5362647257576337,0.5255006916311502,0.32562961153340714,0.44343138460994924,0
0.9167578740306122,0.2736026225717181,0.0877230838379181,0.8538401811452977,0.7960006824274108,0.17468464761633212,0.27021055920337755,0.46868837074938213,0.05536555944701032,0.17770509857800867,0.2737090036850073,0.2631986567017,0.8114832917817414,0.18946806602775615,0.4932452089661124,0
0.9126540144602844,0.2683668364847575,0.1046781822748733,0.6401691051542261,0.9080419080048304,0.14456286064169674,0.020300508570000476,0.5831340388919074,0.10870764346852922,0.024517603724033474,0.13749019245859692,0.3454088861390141,0.5828872700816379,0.2837094441000847,0.5399901485922648,0
0.4639779369742633,0.6024917371481381,0.52535312735235,0.4184163497431815,0.5642514609344026,0.43318952108656217,0.5539356875203555,0.5382465986995947,0.3191861871681102,0.639188609733866,0.24497522820463213,0.5073128488081604,0.4889010273572265,0.5880146146184297,0.656459053154119,1
0.7506201400413093,0.3874220440358141,0.0735881502604169,0.7144260657183277,0.6946664150997334,0.06112084309804298,0.26299522854846014,0.6985337350508989,0.07366190610136968,0.13458318928636276,0.2166212814608211,0.46585873413952233,0.7965221670933921,0.1174577094533488,0.3650487363394495,0
0.6205885752958923,0.5066768399353719,0.39680263264209287,0.5576810875637491,0.6922270970815185,0.3168445684707261,0.3156535714210767,0.5021161312763517,0.20828152146951703,0.24624351295354613,0.2661134456074034,0.4625114437230012,0.780950906302435,0.4334599847750342,0.47617654012496957,0
0.376261720159544,0.6183233879564591,0.6107510592588815,0.34186038393791846,0.38706492259591463,0.6738084077425509,0.5837397293346841,0.7926180256978455,0.5453568955573064,0.8163891700356035,0.5475654558279089,0.7618871506466017,0.22424128144012695,0.6146732811562391,0.7009747777376083,1
0.8148616921014966,0.3355049631511171,0.1784169377880469,0.9343671402763749,0.8860710158765885,0.06308137914960255,0.20644041182596265,0.47504124962215677,0.05093412440921024,0.25226147382777675,0.011527904688697499,0.47052859764062704,0.7307387323123671,0.1911604430424841,0.46374156888231305,0
0.7170430773463734,0.1077435720848461,0.027033257830964552,0.9370902890562108,0.8148588607685051,0.193164432230644,0.1297493634990396,0.4247264532341038,0.10122837256804883,0.13185350658987302,0.03169940527852317,0.39224789440706187,0.6080190912547998,0.18587638646934887,0.4600804369592613,0
0.397151542600202,0.7237853030734279,0.6488072343171133,0.3329238882225991,0.2852008850632545,0.9723029302414259,0.8433651007372047,0.8072485068437545,0.6252613203374492,0.8640900059296388,0.44124954753437307,0.9158935173378483,0.15157571173435713,0.9305829864430967,0.7280198404122447,1
0.8244531270085725,0.1316421099869892,0.13135602094485882,0.8877361062100789,0.7641260022522687,0.1551223701850655,0.28934299617024345,0.3815065836510756,0.10466592623894827,0.08614138742537265,0.2378563257101518,0.3732780097643473,0.8172912087751518,0.23937424788476822,0.35838818906498193,0
0.8297704462840545,0.2437545632889193,0.005128413161287138,0.7194367396691547,0.7640586856357571,0.07976455617938011,0.17405171076819967,0.5134410186907513,0.12158101855868893,0.22946497846263847,0.24389572161482803,0.4154369228679483,0.9777618479774673,0.005469774802908489,0.27831119427341844,0
0.9128562394362739,0.16255315430720077,0.18611904292878326,0.6407282392599166,0.8952349125473574,0.07612465869531602,0.26339229613352083,0.6472226760429801,0.16118508002352425,0.2370091308921184,0.09140374172941224,0.22427578491537567,0.7014900893825807,0.0520573544959526,0.4779804355609847,0
0.28226345557043153,0.6511572371061874,0.5260206371941119,0.38466566117600004,0.44140800826863985,0.9233589392465844,0.6218455076693483,0.724418028501596,0.605269907953647,0.7540533728088604,0.44881529393791153,0.7733119185389445,0.010316556334565519,0.9637281608315128,0.7035119926400067,1
0.8881791598894102,0.14758153158792212,0.1761741518397857,0.9051452347108312,0.6587741849103678,0.16516335011295255,0.03866096024203356,0.4340475417036567,0.14870165125832155,0.04822796881449246,0.24539010723571864,0.44964025338732255,0.7537338668804181,0.001915761515050074,0.3148152532699651,0
0.4147358472808487,0.5350872877232834,0.451522075736891,0.39848194648301605,0.4229673649478407,0.5831860127324897,0.3865891659720767,0.6743714664267837,0.2463088145822607,0.5443420305564453,0.35977682976547576,0.46295588420560674,0.33464171127756825,0.3537658707755897,0.42534998818910713,1
0.6954615815983007,0.48932755178360976,0.23233428724739238,0.595380021293594,0.6436662350744008,0.274202094745725,0.3921845550646662,0.5999801437139858,0.13253994876171318,0.3695255937358269,0.3314880732935824,0.4496686993607826,0.40605155838805373,0.10361538763171688,0.44281173758800485,0
0.6160177669338909,0.42917459630656696,0.3517552507514651,0.5564992131945704,0.5706100783200605,0.46822829075997524,0.48393695394512165,0.6677674682459424,0.18388959879146272,0.4341096509020645,0.24290071999032967,0.44926195564383065,0.502340054528642,0.3364521213034066,0.3744543591013392,0
0.7262325446045437,0.17261350475875825,0.1973325186534293,0.6498734400155296,0.7996664460354068,0.12363114686362382,0.21073949116323118,0.5238594733947656,0.001954169483836732,0.09793839247319756,0.15531349301541342,0.22635994974345003,0.6753134656045904,0.009960932637409969,0.2314313988620083,0
0.6928034814235404,0.39605167824645005,0.20779920251498232,0.5061911581838687,0.5775973519893739,0.24800748093895822,0.20700562889845578,0.626864084185053,0.19170460177637813,0.28677343159179636,0.37002495490494425,0.3348416880601577,0.8779594144776597,0.22558668695094114,0.6553614689234725,0
0.38621530817761673,0.781852390335264,0.5914571222013851,0.30151020532175704,0.35453206011447397,0.7432650872131362,0.5454230368798516,0.8678932988981999,0.5560923102711379,0.8703114371074737,0.6080654004447974,0.898263525111489,0.16557205163234565,0.8243751886141545,0.950661441063338,1
0.6313262147415752,0.3600997282233767,0.23831858914696516,0.6836478173350874,0.5203607365899073,0.3517873723204795,0.2662558348889027,0.4116789889977003,0.10720376365828528,0.2525665316317482,0.36003110635180013,0.384743623193108,0.8752295852876479,0.33264891719567746,0.4746456759075064,0
0.8090316322838291,0.18833972786257533,0.18969066139243135,0.8672620279559162,0.6920339527299357,0.17369359517958258,0.14622935947485408,0.6578208907576365,0.15997105118946306,0.12756405134077003,0.00674079249603522,0.2806032078154838,0.7708171073304335,0.1900434659478442,0.3031550741732809,0
0.2067918035953785,0.8273538331393108,0.5057573954519023,0.13482179215207488,0.2115006605054382,0.616291520927588,0.8421842336044029,0.8759144648450059,0.5422521487261975,0.6342419562278505,0.5966463500467329,0.765715119773198,0.051960560973004555,0.7735406596951891,0.7594018937589494,1
0.7380260708055681,0.23209702551050473,0.1230596050139604,0.6292124297462841,0.9147249105222016,0.16072070708830705,0.15156203207299146,0.6868506461036681,0.08355219585501994,0.29523309571094936,0.20037599964108813,0.39040138197618246,0.5829774476478925,0.2645783274913932,0.37099587516824606,0
0.7018907187445355,0.2942424142463809,0.1796061097899974,0.6852188038017047,0.928110363438892,0.012053478057912171,0.2803308080416543,0.44064907489585375,0.020284165689843304,0.14576152775589768,0.07703297031615237,0.28546187058857686,0.6536449824631433,0.24090776934979902,0.4156645106701018,0
0.20600566840781587,0.7750968335552616,0.5310938547859939,0.39231844229984997,0.44655268611990073,0.879264685607898,0.7144385465376482,0.7773819040715819,0.6441385059120845,0.8396559103938577,0.46504677573795655,0.9188245145728449,0.24676117287695068,0.9799199653167696,0.890287803355344,1
0.3505907486767714,0.6962340194915208,0.5746074041599417,0.11223254246642918,0.34772323579706044,0.871025744736913,0.5066351315711425,0.8280232645748202,0.4679487325593814,0.8258104766433074,0.4697465716019966,0.841828208335863,0.11602060389016122,0.9746919954946938,0.6550083776583973,1
0.54608333242347,0.30036845552157787,0.34586895881759927,0.6933690999598571,0.544858696657009,0.3989141575410267,0.42256889808761455,0.6545276137271574,0.18452583940272183,0.2908792716921288,0.19758854020690936,0.5137863999295539,0.808389733252818,0.17264558710264108,0.44837640326310607,0
0.6164397493188227,0.3927931058594069,0.32021483336004664,0.6411171725287649,0.6376810036984274,0.3123658661060364,0.25005806050962587,0.5291588015386622,0.12851882881638174,0.4670291105551425,0.20376323822135725,0.3463379241669971,0.41272387995287546,0.35832895451459373,0.5547609269818973,0
0.13587827378149053,0.8139734361668985,0.804314019446759,0.2683831592708489,0.39274179498864026,0.7975182385457563,0.7090931317527976,0.8068852545896373,0.4076257380232286,0.6377619994476565,0.4125716742746937,0.8227436439423231,0.094306794322898,0.8034282764658811,0.9630265895704372,1
0.3686569685488602,0.7167605036202489,0.5043350605921193,0.37161459292577914,0.2228216691965334,0.7277254550361659,0.880024786820322,0.937651786734389,0.5720313664369858,0.8211430242594298,0.579378208791328,0.7026237700943225,0.09859936361097478,0.8690073824308153,0.900949811775072,1
0.9391253495748699,0.3212525078377021,0.07065028170041283,0.7037874534506793,0.7549109689237549,0.1549307062362364,0.1984111833211243,0.37407822714698713,0.03482186706681687,0.029518694914019192,0.19809081591040142,0.4293117986665208,0.632523214162502,0.006283488309273844,0.23286866699057096,0
0.21660318690684463,0.6814047095321688,0.8314950036607718,0.2070259980080768,0.2702336274218452,0.8170784332632994,0.5563696899899051,0.9005492451885099,0.4223651931039313,0.945410427810181,0.708897907718663,0.6695504885369603,0.0016566351370807197,0.9261845713819337,0.8827429375390469,1
0.2888195914405788,0.8087246066953852,0.6818164259071093,0.28826742402521904,0.34607857798077507,0.9604632041963956,0.5181785521365831,0.7702407973980575,0.6851234452229675,0.9115923243618207,0.5822627011142852,0.8170464092305378,0.0832143548943398,0.6752484638895045,0.7854793619759929,1
0.7405583514456198,0.10378225599272772,0.11195113672767652,0.7845898677429367,0.8658060867107475,0.17805161060356045,0.023821975392908857,0.5925985961361449,0.037482388819516446,0.2574531159471492,0.24571905415849682,0.36223812649566334,0.8551213993116558,0.09430503395512452,0.38846715957312583,0
0.909260281310735,0.18378282653632314,0.12857638201174154,0.8429527007284409,0.8037964259435159,0.06106213533934626,0.06379331291132884,0.3132757418249705,0.06078928024814476,0.1959488371593849,0.2814914455345448,0.4613613446789156,0.8830323882676513,0.2365342029759896,0.4659939613903981,0
0.7586605204638633,0.21979477474279246,0.030483202666083488,0.9473692257554313,0.9281002903772886,0.10799142605611192,0.25260998831292636,0.5083831909088169,0.12471713760055195,0.026737329634804984,0.22658112614904236,0.23831404509057047,0.9130338151262642,0.23460842630111575,0.48349787909719055,0
0.8627868962204185,0.2862785702435294,0.07047498932193089,0.8945066435796659,0.7913861502194494,0.1958209876030309,0.19024264148872105,0.35050589662580106,0.1352355124150868,0.09753120462950969,0.20589815900582922,0.22089234444872174,0.5874407185879797,0.2567211776717359,0.29087182280940593,0
0.37247976578999614,0.6718685672000917,0.5579579488364892,0.24683582808326893,0.44641261352765016,0.6968221086046001,0.7688542189623514,0.8904049038321793,0.4712912631977199,0.8548757220141509,0.5471132530877013,0.8213070407077527,0.1900589132282684,0.8143098736299034,0.6361159080217633,1
0.734839018518206,0.35047907103978976,0.19688043614071044,0.78399156380594,0.701503785754491,0.054461465303873795,0.00551720296424002,0.6657195226241995,0.023550216578028228,0.17295494265427605,0.0822165662061618,0.366253400754738,0.8257101941759322,0.24892254111216047,0.2825685087042413,0
0.7865249316344464,0.3926830602579745,0.1281944154690664,0.8878681972720263,0.6897574018225545,0.17240289645452453,0.2768271571540183,0.4948247675275743,0.1212505875501955,0.22944294027089862,0.052451588178123766,0.35076982293903275,0.6993315138861566,0.04391219764867473,0.34701376891661256,0
0.7650717143915007,0.372158509211749,0.13414646238116681,0.7961542208431539,0.6832968407640443,0.0894111087612851,0.13810748136057788,0.6458254438090679,0.1093296440375577,0.11412016469112289,0.2930400985531978,0.2332161779978947,0.7112742141559723,0.012607402551421587,0.49596164830677214,0
0.5571567111051741,0.3508057727715218,0.35235963827553946,0.5773081013646055,0.6022550924401502,0.3476976440003546,0.3731837087699394,0.6596731436873656,0.29614786871668586,0.3222752625721451,0.34825567663189094,0.5293583383964153,0.6867644757277866,0.48241885744477325,0.3801898062113611,0
0.21236203565420878,0.8852142919229748,0.7927975767245621,0.279597545259111,0.23900466011060914,0.662397808134481,0.5232334448672797,0.9165440364437337,0.5803345035229627,0.8478254022286159,0.408233797718321,0.939468448256698,0.2497327922401265,0.6849356442713105,0.6727299868828402,1
0.5761035419739788,0.34075883423289777,0.3572411304522116,0.6468887864151183,0.5768710077048269,0.2075580241877688,0.4516991983154032,0.4034253950362221,0.24073995592581018,0.4910771329178171,0.23129839844446107,0.3704920214987858,0.7524355050216909,0.4268512568062341,0.5185721264311389,0
0.7019160081623063,0.16572064273055734,0.007344272500164228,0.637809013945742,0.7516581948016254,0.1605171359159626,0.17161459301079024,0.5050670903825666,0.05869776464162433,0.2795261158298449,0.11910451237115749,0.22612783003873146,0.8085332580589006,0.034151518042980424,0.33808925712067683,0
0.9186754181710498,0.25868114020816363,0.18781353970257925,0.8795741325207829,0.9493802331600012,0.07014236309034204,0.23015648667933805,0.4607723654436968,0.09597512406078178,0.18825163896551103,0.2621031342559016,0.4952250407597885,0.8841367069322591,0.12533003465020012,0.3685428009108281,0
0.7601731779581262,0.13645041289027543,0.03949409797198747,0.9104237150732443,0.8437432437965617,0.05718135784783203,0.24478408169058516,0.6445479985453744,0.1693028677380556,0.27567796009186635,0.07567230605200848,0.4265125786238835,0.73026974863707,0.2525995658670184,0.49139627086464527,0
0.7206996669812815,0.28094563283991647,0.04906982193626419,0.7362534649146918,0.73660812103121,0.07113454329298984,0.21571377155527363,0.41884868624926996,0.11328092805937945,0.1428151206597299,0.19910134960879444,0.4810489217974274,0.8662860486051251,0.06448211357722702,0.2124732540245139,0
0.42121934517956927,0.647303049758596,0.47115496387137745,0.3974453583471989,0.42035649452408075,0.44585774175529963,0.3737873185153524,0.5482044119778667,0.25597010721539176,0.48552855060815414,0.25201207858842645,0.6741913561566063,0.2320934982646569,0.5098045558281018,0.5641587307958646,1
0.5604666498702987,0.36483372432927363,0.2389247673409744,0.5115295164398049,0.5684895957669427,0.28107430763923497,0.4899252157599222,0.5673126478750131,0.16945540780610152,0.3741402802981088,0.14175901040370867,0.4332131247606609,0.713117160710532,0.2955591327169806,0.4607115202617297,0
0.3374737131177546,0.8368854428383662,0.5364824412194762,0.24832609141077447,0.21438969000416108,0.8198115529294943,0.6766122005493508,0.9219260456895749,0.5052745037656236,0.640973455749662,0.45719667282113435,0.8665287211011152,0.1854654189948783,0.640449070449116,0.633642722445999,1
0.15068051892164938,0.6835771017095876,0.5708041937106987,0.1266107601271167,0.2301589677751502,0.7843115072130903,0.582533487362317,0.7910674652620189,0.551025181256457,0.8416381900202778,0.4157248559364396,0.8797936396181649,0.1883701168472723,0.6327036127795488,0.9494314496427109,1
0.8163014030709295,0.11804270278023557,0.11245936317558197,0.9351688495768831,0.7025908827072979,0.13800097816413315,0.06028010659771694,0.5143310737892325,0.019335289929343927,0.13511128087745553,0.2268489986685738,0.30427145727169463,0.832455862243609,0.23863498823691875,0.5708711277917811,0
0.9387651278712472,0.346359484765068,0.00031302103829458086,0.8227404795641924,0.6653406144326303,0.051521444066744373,0.017857410104331506,0.541518181179755,0.13731798269852136,0.03434629141977153,0.11515166491349384,0.3368709526866626,0.6845265108804583,0.03630750014555791,0.36757911607499016,0
0.8877945119521045,0.12130229935997665,0.01603600281638069,0.7241699521425945,0.9325177134856775,0.1337145293445828,0.20360098700176943,0.44476799633514597,0.11873215824170769,0.0030393552083230134,0.19082881392286266,0.47398608427287103,0.8062867341724096,0.2621095780399035,0.4895892221864375,0
0.19569268908812842,0.8534625932908364,0.5093087742943303,0.3443405447766808,0.27046369369335,0.6472659310486625,0.7786948661456603,0.8572357116949709,0.6632416040581158,0.85727486533136,0.7213923721539395,0.6987121003999572,0.05323186313391685,0.9002459006563434,0.9227338957069056,1
0.284755029415665,0.7905280952602931,0.5181216039088178,0.2123837843879414,0.3564649789285591,0.8012545034320351,0.8425959364753289,0.8646734079047362,0.4488803281244289,0.6246990615901504,0.6569677112825263,0.6092789586895676,0.175732674382039,0.9760920965699831,0.8301896711503516,1
0.529460608855794,0.3019603976929792,0.3261843580458327,0.5895346850820836,0.5268549701804551,0.48738023631703115,0.35889791718368597,0.47256798823386675,0.2001207142309415,0.40388609982053236,0.12287176539206936,0.3824111445143676,0.8034827454419968,0.28386594816106453,0.518630856812918,0
0.9295191380497876,0.18401119886514686,0.17166833535982418,0.7022763806616642,0.9232310484931745,0.1507923807193568,0.2414720330524316,0.3072026222401818,0.1925620714148052,0.21800129762109696,0.09142532861583999,0.44881839945765406,0.640760599207465,0.2618261518698384,0.2450321561647748,0
0.75519240319719,0.12471431368475282,0.13609986041494262,0.8290789249983973,0.7319778580994628,0.19017271245008208,0.04531736753427007,0.47293392041704074,0.1887231840335198,0.1259181950778367,0.19155778429922565,0.31927831938883827,0.6371076011743351,0.29519329438794845,0.3637336025260172,0
0.17204368563345793,0.6227589984325992,0.5515518887642596,0.13841375168733175,0.2379756733780736,0.655530869059764,0.7563498979212858,0.7454700210997862,0.503700184997159,0.9138759434671041,0.589584656105149,0.8336452084823595,0.05169596136048895,0.6769156075234682,0.6163474465065916,1
0.6385064863074216,0.33360878235203045,0.25987911767433625,0.5717431050834026,0.660887441535901,0.28362796172436594,0.26321148916016096,0.6872344057114288,0.10177265702269378,0.4993462567045935,0.3030463896572187,0.5485407898347351,0.5473096981730966,0.105726111066824,0.5951478074246119,0
0.547992046477989,0.5144707689949446,0.511974889170927,0.40092813095275276,0.5363005444447858,0.628068357966906,0.4786916221823533,0.6414728565650475,0.3235522742441806,0.5046604799628985,0.47885874327434774,0.6576548519469323,0.586010764266605,0.34971888939421786,0.6923469900814577,1
0.751460302509192,0.13357588581931837,0.05394992230339793,0.6199803996312602,0.8093508584003096,0.18732113845899231,0.011803062200552893,0.3488439656040107,0.09043980565668706,0.28016250525837144,0.09484683149302515,0.35217044260651775,0.520786429525196,0.04450296028862666,0.5946520491835388,0
0.8268529846794521,0.3622667574055528,0.09870931606802374,0.8457905681110824,0.9478450516997211,0.026297823979596326,0.08241945765585586,0.45783043023905856,0.08436563570776628,0.12330632257966373,0.27228330076696644,0.4142097933400569,0.8039526070453519,0.09281181535883462,0.5295161536885179,0
0.528105456147979,0.5687184907108097,0.48582046382889793,0.5078342477214677,0.49968843978581146,0.42607608642622713,0.4611319625455643,0.6760523354062637,0.423631842255299,0.5294978638689039,0.23827409083866913,0.5209439764496812,0.34523291855945404,0.5583668965326405,0.6283113218675648,1
0.8891878764221587,0.2558157578511812,0.040976254830142514,0.9072405273532143,0.9138745564854587,0.17411568500920138,0.07163886341446178,0.48049573767239523,0.19699793122817502,0.2316037428929971,0.008150226367667945,0.21956137737814763,0.7319656884061664,0.272766061758468,0.4154807191810857,0
0.29875668530619465,0.6935133228268233,0.7080272084711243,0.26401308380298394,0.24621361388138177,0.9878338511058234,0.8100531293444458,0.9348747353910473,0.6684482051282946,0.8092649925838797,0.7687496940092468,0.6309723757181718,0.058794858725743554,0.6180909155642152,0.7301321323053057,1
0.7239286388800403,0.10709157581390093,0.1283943000886532,0.8124829126310732,0.814009223814221,0.04638941922319509,0.11727179877165439,0.5377905340744692,0.09935337177183388,0.29633565606446616,0.040931925767019935,0.4085433662142781,0.7021593840521461,0.12845988447768442,0.48703910626327046,0
0.5244247817888303,0.6364236564967225,0.4630266367178418,0.4893301647753785,0.5844998762354591,0.6121715902940196,0.34576171287427837,0.672886508050044,0.38201451391485675,0.5272392013907158,0.42093327068741687,0.6835917536922537,0.5702274051627105,0.48033574856165284,0.44529521833630215,1
0.8642387890667849,0.38698438632503745,0.013791603271284238,0.619969152402939,0.7346561224079601,0.052341136747181195,0.07409363972159995,0.6625018322084146,0.04990923996990122,0.0815849178385893,0.2278194787253891,0.334921952735162,0.8883552784775905,0.019609847269315573,0.3950284774693537,0
0.6042592095308278,0.5440034558198035,0.22511004295253068,0.5033895329779162,0.6540316423514192,0.4421466612094648,0.2360621687361729,0.4796748498875818,0.10351047267332579,0.28799258323416943,0.3319425621756015,0.45538815831377366,0.5740477965841441,0.24869571796253212,0.30054145028618723,0
0.6289665208044627,0.3987827269028758,0.34264137665652356,0.5398430549788106,0.6780430005272349,0.2862228789396739,0.3103357963268459,0.417427585624105,0.12230244246425528,0.35475857081369844,0.18027780301839147,0.5506440677226583,0.40734669432747694,0.2516376194687745,0.43493821870763705,0
0.5865632004418938,0.31097498566075127,0.2331499559640312,0.5891083277483782,0.5418370930815856,0.21499370859790362,0.45309489921554713,0.6943577587492347,0.25862857479934787,0.45613547651140013,0.17259313909511362,0.5881880926539599,0.4984628522267142,0.48057192414473293,0.6979277175863804,0
0.5254401081626217,0.5284890214845271,0.5133198878943155,0.4378269817140437,0.4753888858849815,0.5388039357008819,0.3904133622492426,0.7242828140528753,0.35081611702774373,0.4696638085440452,0.46987237198237053,0.5459728053433028,0.4174211444455954,0.6625888443858188,0.6496951983655969,1
0.8895657989822556,0.10737607493764045,0.004424710305799451,0.7132635767023394,0.7965929571213998,0.15408148356155865,0.20498861298195156,0.4783610825506993,0.05472533325633318,0.29913735004731334,0.12785439067079188,0.33541610729890264,0.5818119105958346,0.2384428646249788,0.47747289031259543,0
0.284024558780737,0.7254729108871857,0.8730913933416053,0.35981916685012255,0.21130466752654736,0.6105467897989008,0.6505853467512198,0.9026383326954581,0.6961828387944833,0.6526459118862349,0.6376522861408541,0.7333117998208575,0.29097431934438095,0.9368475692542835,0.9353314818844551,1
0.1747876687446625,0.7231148769106889,0.8022204554172195,0.16863944964748676,0.21924497745719826,0.7159005811655071,0.5644885149016018,0.9324244130856432,0.6424361138693251,0.8216913147786482,0.7485842360750872,0.88128522691469,0.05597101766581075,0.9570235993959911,0.8157368967662603,1
0.7090400951311905,0.1909385067835986,0.05262251398216858,0.7260477426150317,0.6762928240291516,0.18739156460621256,0.16614067221371287,0.4222097242632094,0.07939630341485669,0.1341607621514507,0.1801783000081852,0.3547038283089493,0.9596959866072087,0.14908904487174907,0.5968632059293251,0
0.7328919212818149,0.3147474894046266,0.1818065041331282,0.6628890881045847,0.7212629974771633,0.19427901880832793,0.054293085812846927,0.6417540373478317,0.09845557128960697,0.07416932232095311,0.2612249703817534,0.3335915765007997,0.7574086769648452,0.1077700108199297,0.437180340573971,0
0.8565550804078538,0.13937346330471628,0.006505235898250384,0.9222967467354903,0.8349950943562214,0.15930745819523529,0.14445670545376502,0.3469232755849578,0.02503715844051009,0.2056695861686914,0.1290917684698388,0.260157418010101,0.7457972733707184,0.019262681122540225,0.4327885607657595,0
0.5596104417278887,0.32634123056271414,0.35636477266898714,0.6288298442951832,0.5096372024786593,0.3080151397702935,0.4870399446452858,0.5501203437130604,0.18654582720394092,0.3373098815477882,0.16266481720154913,0.41061215125943856,0.5849066279935884,0.12094200807498896,0.6070270514071673,0
0.5599601055130472,0.46161468540948264,0.39483888876327145,0.6694121653967798,0.5047189929291058,0.4695681814024518,0.43495952398958776,0.6341128370712941,0.1915991518007143,0.31940158788635087,0.1908747186499578,0.31970845768630973,0.5141176817468496,0.19864145399120986,0.49363082788408064,0
0.8625814215867342,0.15986273527874356,0.13604564848625827,0.6252694431427115,0.6591957506617419,0.051536577702242736,0.1387868870217949,0.6473090021633522,0.1454338139532616,0.22281195635999432,0.1276480003344226,0.3037804977640889,0.6855193814923013,0.2962948691208173,0.21604367656499301,0
0.3422320465492188,0.868827389977048,0.6272013899887455,0.13301557735830305,0.25698379063548543,0.7708431154505025,0.8272059063689973,0.9151826458140858,0.40208563915935724,0.778761555902148,0.5669644012595116,0.6777377336647555,0.03595961020010484,0.7350460685614512,0.9771638815650077,1
0.20476287238379828,0.8177867036610719,0.8588441039810308,0.36612592727953525,0.394968886464406,0.8568126584617151,0.5336559859980196,0.7404071785236535,0.6695662565581237,0.8122501708808565,0.4036788206466519,0.6355150400031112,0.19905053073241674,0.6020246335384875,0.6643232205669994,1
0.38570893241086673,0.5805492215703749,0.3976365562093453,0.369888278551869,0.44863443819989085,0.6166800795566977,0.5567089404318857,0.7490659593700976,0.31915505888553647,0.6004255409711938,0.2614952886247463,0.5232869325652533,0.5585343274084479,0.3052007694042944,0.4342034123417873,1
0.5590580988095887,0.35809608076401195,0.2562008997817427,0.6606965486593769,0.6858456107263707,0.3215308083582699,0.4718333006397491,0.4964487103743646,0.19528739726875832,0.26780869934479995,0.2921428126527532,0.5936943345524427,0.7017465480216893,0.24312563364541956,0.5591269783962113,0
0.8469423402155495,0.15534287594009183,0.07244708833045768,0.7170789510596762,0.6578590125596194,0.004838352778271049,0.24950911310273202,0.40922832398912495,0.10361575324776309,0.08961767207663192,0.28220377353460213,0.2777890276597321,0.7148284063694675,0.26181907514538055,0.5367734267167235,0
0.2670403787375051,0.8808464322482343,0.7784119186699893,0.27101835102680955,0.22429412344269214,0.8460028906796679,0.8960215400417053,0.7350210038091309,0.555498895709121,0.9070805751747844,0.6963074471016818,0.8439555093483437,0.21074522519613278,0.743796460487902,0.7174367377057973,1
0.896586253603888,0.12682330069367787,0.08351615515698568,0.9076914076467576,0.9334196066874231,0.09348030224997395,0.1840234167632123,0.36681357843683005,0.19823372522739532,0.06950151041503301,0.2828195322405377,0.3948939946977105,0.8038683974394296,0.15380655330495258,0.2922679246871035,0
0.6928156832980216,0.3223223811313932,0.3374038533006486,0.5987628080913857,0.5775297610911294,0.38981356362458025,0.41115712749029937,0.40130898089509276,0.13339061774943975,0.41391381519029563,0.29991562407346195,0.5898142515386031,0.7805188951253915,0.4803090830925352,0.5810162006139228,0
0.7084034000458206,0.11879596103660636,0.1812874906688822,0.6487358798911583,0.8097262046825651,0.08221912052014131,0.1042029978776528,0.659933338274909,0.0043646793550979005,0.1991369058526767,0.2890183302640651,0.3680504550385526,0.9684112310165459,0.01567736378580713,0.36751732762966455,0
0.5218528420619243,0.5134904917388555,0.28782996332674965,0.669393770841412,0.678618041039083,0.21873727808572144,0.46503942889581823,0.5344957166108266,0.20208649780084645,0.3879777533279631,0.37791478201902606,0.3057348283289292,0.6384217341589086,0.3750888169722243,0.5890827830792913,0
0.656264371149461,0.4445745998550902,0.22939254191764194,0.6622247539866941,0.6271909414327457,0.31644971183809867,0.40223908866081887,0.47797149377284986,0.1690384416988421,0.4752457529395971,0.18715135170142613,0.440996480447381,0.8450705686980073,0.383088540107011,0.3248812904658811,0
0.70274895716462,0.1410656890206422,0.18000372836962103,0.9058615271468803,0.8292239306510925,0.12010337208673068,0.19951100236387664,0.3701485114493798,0.18288238918499197,0.12563115746762193,0.11494155847484923,0.3556753115848513,0.5234829833875275,0.04988501062682382,0.49521344657054817,0
0.546968239792467,0.6177796172891868,0.37493253624065337,0.5341683765234745,0.5739792724124256,0.5556514171378216,0.47738263072347875,0.6197008111610391,0.2164284916466094,0.5005591724937702,0.4408560345794034,0.4511580057511507,0.33339966867645765,0.4592674774363773,0.6149582411751692,1
0.8297649477270675,0.12028376907766448,0.16007130156447233,0.6817992286686515,0.8120035743813532,0.17601581751229167,0.19526321071415825,0.5131831146205341,0.06486675062307512,0.09990057391745938,0.20084608655945704,0.49824180836635024,0.8309195949246893,0.16733502521100746,0.49226020409569843,0
0.3733796081416728,0.637966424722695,0.47554161061428357,0.4169811229314172,0.4278544145326775,0.6382075567810888,0.48602182677855404,0.6600383275928965,0.46816777491528727,0.6365791633673592,0.24550246391982536,0.527930516948887,0.2993956559257863,0.5975785170290707,0.41341297389431175,1
0.5530652275110933,0.45038846982495606,0.25931198244118614,0.6428848328142485,0.6518010565043861,0.23075478921994236,0.35415633926203033,0.5526671666773167,0.17385615404310822,0.47987745877090165,0.34825189596196643,0.509162814572891,0.7571633178674988,0.2846864575252476,0.6683978084386303,0
0.42466186325595057,0.5041489346287108,0.4787999086478032,0.4317468342196193,0.405077271132069,0.44684577920985713,0.5147916686542192,0.6976771825730455,0.20812879775104506,0.46659164857988483,0.26932243897642144,0.6179731858996821,0.20788421510174568,0.3416434327938295,0.7199664341492757,1
0.5376680913642076,0.48624661323313206,0.36329925347335545,0.49822412985801184,0.5148946226359824,0.6525486330274816,0.3419317129878868,0.7385801935579671,0.2604881960143234,0.4490967828597114,0.2492797393792979,0.6536436800578455,0.46607888827848004,0.5092261699076477,0.543532193649401,1
0.7617758085025366,0.1478634040339565,0.17435671331844035,0.6767248955753155,0.9427595767457394,0.06737915835422137,0.054635374706609785,0.6158794028569916,0.13174155510017524,0.14945871493594168,0.16660906528128935,0.41576053348167913,0.6142273706656494,0.2989001748170226,0.5899172648587132,0
0.3087922618281094,0.722685883324281,0.5693177280283384,0.1469311128013258,0.26256072454114887,0.8196906658824482,0.7858383690800249,0.8650493441794328,0.48398016908378283,0.9342028482321179,0.6951587666783074,0.7940239183789902,0.18351622387030567,0.7678400249711159,0.699092395800463,1
0.3881375441327333,0.45730993356961896,0.44441338902199984,0.4629682266525233,0.4131417278856705,0.6326582850085032,0.43598665042440826,0.657317080798274,0.3322288240814685,0.5202289182625978,0.36789209939246537,0.48881006148267814,0.27277125219810844,0.6447142484054069,0.7784461848534532,1
0.5681208333162583,0.31792797221191277,0.2819257789790464,0.5622434990126787,0.6354241279470019,0.3817337748358071,0.309378118459262,0.46536776627649706,0.29760719323111834,0.3362004863588345,0.30648227073407114,0.34216589027350824,0.6427948498296989,0.1110146879477862,0.5021820471641799,0
0.5663129398134388,0.5137575504049838,0.24141516184217104,0.5142316570346865,0.5138015185225633,0.4822353561509324,0.3520761313885504,0.5228236215451055,0.2621757162015837,0.45074777837315483,0.1996573099346814,0.5080854172421385,0.7855614079259433,0.3618602747463818,0.36063802992003974,0
0.9012472499201925,0.1809462160384643,0.1650098820360124,0.7743894887922087,0.6731174837402993,0.01171018584879584,0.10027149560881823,0.6139587908445869,0.14153618694818315,0.23658448940172191,0.1551807169324828,0.3320596993866472,0.5737262633531419,0.09845782608279346,0.3736077464695501,0
0.22104485986371913,0.6402045685351923,0.5115130705253356,0.32654117670208577,0.3550773878383662,0.8816319072396894,0.5851856646035642,0.7340928688966923,0.4043633997003646,0.7227056455823089,0.6359670747418533,0.7372854157849063,0.1312424766071187,0.9616634777974994,0.7393021868093201,1
0.7301396041009225,0.37073599218575254,0.013288768871154977,0.7868886153917173,0.6926411371380373,0.0023413221461808134,0.1266102780382917,0.4180162830616625,0.09720009875952061,0.17315996602036524,0.013121721692684206,0.2369009885371237,0.7793211982252126,0.10295020595179746,0.4916693950197792,0
0.6751766167034113,0.4347736381840022,0.25649448527400076,0.5850456370875388,0.5075142180797815,0.23836004036672528,0.42966402515475827,0.4000034904266099,0.18331316569645845,0.35675305432567656,0.1163903260002917,0.5919234488916998,0.513062665624836,0.22167948785451236,0.4215770049020109,0
0.15502135295603015,0.6912726728878613,0.7099025726528951,0.22958350559263474,0.27280728504951046,0.8447411578889518,0.5557975442608167,0.7730361621338044,0.5099085529881076,0.7596244944759626,0.7140703845572055,0.6698858237554259,0.15427033152408348,0.836965827544817,0.6185801650879991,1
0.48878968889342,0.5585448886695192,0.4003598117813906,0.41913919870078387,0.43631954336028517,0.6725351684000884,0.47501753842983613,0.620255425029092,0.3386017410932398,0.6841850018835446,0.24600542093482408,0.5965574580041992,0.40235547155378637,0.5445816941738592,0.40724407352833625,1
0.848305392526846,0.3676907494418957,0.03706603590574289,0.62763920676679,0.7218530509728615,0.15891565574003808,0.010401080017944996,0.5331227340333958,0.199087503238262,0.25670882815126184,0.15643370671307683,0.21909227278599272,0.9156867571928549,0.17969355245316315,0.24597319882382673,0
0.7221501074199043,0.1661835858133634,0.11964505881274777,0.8574820899837164,0.9495042534178848,0.18662266626871155,0.19276955986055747,0.4684992213176288,0.12723547294164655,0.2356954854240696,0.03550085727701619,0.3229714669088865,0.9199011428178085,0.1151498855799132,0.4287489084908746,0
0.8578268882729971,0.2775091486918977,0.14052675461710326,0.6831017139311821,0.8037091332637372,0.020844960561669536,0.11535339829344377,0.4950668274485057,0.1304448519090945,0.28515931577586107,0.18019531996450674,0.42307817485296795,0.7531330297476013,0.1902312094128994,0.2283728864535094,0
0.8208864116799811,0.3417977649325475,0.11004530843125236,0.6151943864991867,0.8399454126782067,0.1902806684413314,0.18048354604389935,0.627675543770716,0.17684129266968157,0.06842393158467974,0.063613451972468,0.3832942966552975,0.7055142349033523,0.2519583908600161,0.5600092493592045,0
0.7916153837178495,0.21885180748277663,0.13909344133797244,0.7359953354446209,0.7846080867867592,0.047508826174865494,0.11197553748880203,0.3909078509052606,0.014639184753688729,0.18103457801441336,0.20046383956650488,0.38584710380288434,0.7317470219002862,0.11393573405376894,0.54533345982873,0
0.9068844738917186,0.32008431416842065,0.15386097872826798,0.6038609425500265,0.7748461994539284,0.09626883032706474,0.005757683046917005,0.40392528349801365,0.152057964624427,0.04113291171869971,0.1605930394357775,0.2645605616051713,0.5060603873219467,0.07236043727986244,0.5903495019640215,0
0.9177422809365213,0.3142260796397284,0.16034561661395838,0.7188075673899821,0.8944475341239536,0.01602296927693503,0.26844499681815825,0.5190369504614945,0.16345955399249876,0.13569548535549003,0.1930733085589575,0.35792079828083395,0.8657947608776659,0.024488994609176872,0.22414083359622552,0
0.9039582812476544,0.16733217155099822,0.04476352296452462,0.7879410480126947,0.8278819804525109,0.11601724156756224,0.027446051219326462,0.6509843450521521,0.053120008517741214,0.03885447638484125,0.26662442396069314,0.486695449468926,0.9310638086327253,0.24285482241746342,0.4620967922556087,0
0.9419650087112575,0.1886334332432261,0.15384462956762673,0.8186322490989922,0.7645818918958688,0.04113745243911102,0.03641592544782193,0.5460051872155466,0.1549267561275576,0.1931712760623392,0.15909063997474748,0.21258536702949088,0.9842443887971919,0.23961425749637236,0.3171288146803859,0
0.6934070550512292,0.3129171804144903,0.30095911966090566,0.64369078946451,0.6725280942298357,0.253776683572337,0.44000104452910443,0.5658121227155636,0.17931073639799264,0.23951450857372808,0.35958872767267375,0.3471819624539146,0.5548939296045496,0.21601821278497477,0.6485656136763417,0
0.11550451635058231,0.7594063894704444,0.7162540486440426,0.291228970449462,0.3815228334306654,0.9903408317850139,0.7065201393204782,0.7807391182353114,0.638555858430611,0.694791287941726,0.5755885682822545,0.6274597334697931,0.007605223024637253,0.98505936587117,0.9343920482048823,1
0.6852388136863563,0.3571691949009022,0.32687273777433745,0.5444151741386641,0.5643339979319097,0.4544126268804452,0.41865843268098407,0.4286197831939632,0.1857404041972867,0.20875092909357934,0.24426704398090274,0.4987302035103204,0.4592513117990758,0.2155539755636663,0.45913465020086275,0
0.8843955753972228,0.1716331437304907,0.02209482262627893,0.7241177551742718,0.7361716974962246,0.05926162409119802,0.07008232531497298,0.31683727585454474,0.003574786946682762,0.29631671692080946,0.1283319401207587,0.3152979941479045,0.839823641346535,0.06547616635951925,0.5799844735800901,0
0.8731090378310924,0.3973767981106565,0.02567885789082505,0.6364383772844582,0.8673016451386223,0.11567738340128182,0.08224819996794176,0.33176774759559463,0.017131649919286108,0.2682572623992355,0.05756019741562287,0.2970114686346562,0.613328201113494,0.10649889174958119,0.22776953709843736,0
0.26462013680997587,0.807568559307808,0.7607845038010402,0.16728079283816796,0.378044805336884,0.69489963499872,0.6301598792637071,0.886622851279506,0.5948898697141644,0.8972281936729622,0.6630451569201374,0.798908011167415,0.028102430348427743,0.7470863212237734,0.7060809470726902,1
0.7408809681462556,0.21732446099552824,0.1938824644670575,0.6903467014453946,0.8470209993623876,0.06503801284493897,0.2320419377059802,0.35234946428733993,0.19396420901570896,0.13613686241509176,0.07081513900393918,0.2220490241990038,0.5848789525437703,0.1559321845668053,0.3348012705725145,0
0.5038655261835202,0.33109209975012754,0.2827285349837271,0.5985729168894893,0.5808579494509738,0.35928130352362814,0.3785395024717045,0.4029771463383507,0.19281903189070076,0.4890497722662765,0.2557096840388646,0.5032626802376859,0.5559319289584417,0.40959655126110506,0.609168592750446,0
0.7778269247890008,0.2831001349932755,0.14323013484463873,0.6954184002567367,0.7740647304576055,0.02437721866738951,0.05434480486040409,0.5724471415859931,0.03628766953912539,0.15754901510011804,0.2127138785167298,0.23206307692842315,0.7836561098144518,0.07696883511040913,0.5851707500950319,0
